id;name;username;password;language;profile;v1;v2;v3;v4;v5;v6;v7;v8;v9;v10;v11
1;"user1";"user1";"12345";"en";1;;;;;;;;;;;
2;"user2";"user2";"12345";"pt";2;;;;;;;;;;;
3;"user3";"user3";"12345";"en";3;;;;;;;;;;;
4;"user4";"user4";"12345";"en";4;;;;;;;;;;;
5;"user5";"user5";"12345";"en";5;;;;;;;;;;;
6;"user6";"user6";"12345";"en";1;4;;;;;;;;;;
7;"user7";"user7";"12345";"pt";2;;;;;;;;;;;
8;"user8";"user8";"12345";"pt";3;;;;;;;;;;;
9;"user9";"user9";"12345";"en";4;;;;;;;;;;;
10;"user10";"user10";"12345";"en";5;;;;;;;;;;;